<?xml version="1.0" encoding="UTF-8" ?>
<!DOCTYPE generatorConfiguration PUBLIC "-//mybatis.org//DTD MyBatis Generator Configuration 1.0//EN" "http://mybatis.org/dtd/mybatis-generator-config_1_0.dtd" >
<generatorConfiguration>
    <!-- 设置mysql驱动路径 -->
    <classPathEntry
            location="C:\Users\wiggin\.m2\repository\mysql\mysql-connector-java\5.1.37\mysql-connector-java-5.1.37.jar" />
    <!-- 此处指定生成针对MyBatis3的DAO -->
    <context id="context1" targetRuntime="MyBatis3">
        <plugin type="org.mybatis.generator.plugins.SerializablePlugin" />
        <commentGenerator>

            <!-- 是否去除自动生成的注释 true：是 ： false:否 -->
            <property name="suppressAllComments" value="true" />
        </commentGenerator>
        <!-- jdbc连接信息 -->
        <jdbcConnection driverClass="com.mysql.jdbc.Driver"
                        connectionURL="jdbc:mysql://localhost:3306/test"
                        userId="root"
                        password="123123" />

        <javaTypeResolver>
            <property name="forceBigDecimals" value="false" />
        </javaTypeResolver>
        <!-- 生成模型的包名和位置（报错就把位置改成项目的名称） -->
        <javaModelGenerator targetPackage="com.wiggin.springboot.demo.model"
                            targetProject="springboot-demo" />
        <!-- 生成映射文件的包名和位置 -->
        <sqlMapGenerator targetPackage="com.wiggin.springboot.demo.mapping"
                         targetProject="springboot-demo" />
        <!-- 生成DAO的类文件以及配置文件 -->
        <javaClientGenerator targetPackage="com.wiggin.springboot.demo.dao"
                             targetProject="springboot-demo" type="XMLMAPPER" />
        <!-- 想要生成的数据库表,自动化工具会根据该表的结构生成相应的vo对象 -->
        <!-- tableName:用于自动生成代码的数据库表；domainObjectName:对应于数据库表的javaBean类名 -->
        <table tableName="student" domainObjectName="" enableCountByExample="false"
               enableUpdateByExample="false" enableDeleteByExample="false"
               enableSelectByExample="false" selectByExampleQueryId="false" />
    </context>
</generatorConfiguration>